condition,attrition_count,total,proportion
AI,166,19695,0.8428535161208428
control,12,5175,0.2318840579710145
human,10,1300,0.7692307692307693
